"reserve","reserve_percentburn"
"McLaughlin",49.6884928474043
"Quail Ridge",97.9720881793679
"Hastings",20.7319856023314
"Big Creek",91.4859784694625
